Id	PROJECT	SPECTRA_IN_REL_CLUSTERS	CORRECT_SPECTRA	INCORRECT_SPECTRA	CONTAMINANT_CORRECT_SPECTRA	CONTAMINANT_INCORRECT_SPECTRA	diff	diffCont	order	class
5	PRD000013	99	99	0	2	0	1	1	1	1
6	PRD000015	361	361	0	0	0	1	1	2	1
9	PRD000029	2	2	0	1	0	1	1	3	1
27	PRD000075	154	154	0	0	0	1	1	4	1
37	PRD000103	30	30	0	2	0	1	1	5	1
40	PRD000112	180	180	0	28	0	1	1	6	1
60	PRD000174	441	441	0	0	0	1	1	7	1
63	PRD000180	13	13	0	0	0	1	1	8	1
68	PRD000193	9749	9749	0	0	0	1	1	9	1
92	PRD000258	8	8	0	0	0	1	1	10	1
96	PRD000268	15	15	0	0	0	1	1	11	1
101	PRD000276	79	79	0	0	0	1	1	12	1
104	PRD000281	79	79	0	8	0	1	1	13	1
137	PRD000378	2	2	0	1	0	1	1	14	1
140	PRD000388	16	16	0	1	0	1	1	15	1
141	PRD000392	13	13	0	0	0	1	1	16	1
149	PRD000410	266	266	0	7	0	1	1	17	1
157	PRD000421	9	9	0	0	0	1	1	18	1
159	PRD000423	1009	1009	0	0	0	1	1	19	1
168	PRD000438	18076	18076	0	0	0	1	1	20	1
174	PRD000449	83	83	0	0	0	1	1	21	1
193	PRD000472	41	41	0	0	0	1	1	22	1
196	PRD000475	1267	1267	0	0	0	1	1	23	1
216	PRD000496	132	132	0	0	0	1	1	24	1
252	PRD000590	2288	2288	0	0	0	1	1	25	1
264	PRD000623	6	6	0	0	0	1	1	26	1
273	PRD000651	220	220	0	0	0	1	1	27	1
280	PRD000676	31	31	0	0	0	1	1	28	1
281	PRD000677	19	19	0	0	0	1	1	29	1
285	PRD000693	89	89	0	29	0	1	1	30	1
290	PRD000717	294	294	0	2	0	1	1	31	1
308	PRD000780	241	241	0	24	0	1	1	32	1
309	PRD000787	11	11	0	0	0	1	1	33	1
314	PRD000822	87	87	0	0	0	1	1	34	1
320	PXD000008	1370	1370	0	0	0	1	1	35	1
382	PXD000252	1271	1271	0	46	0	1	1	36	1
405	PXD000384	23	23	0	20	0	1	1	37	1
417	PXD000440	25	25	0	1	0	1	1	38	1
427	PXD000460	68	68	0	59	0	1	1	39	1
436	PXD000509	100	100	0	0	0	1	1	40	1
446	PXD000579	10	10	0	0	0	1	1	41	1
448	PXD000581	300	300	0	0	0	1	1	42	1
470	PXD000688	1361	1361	0	222	0	1	1	43	1
514	PXD001034	31844	31844	0	1469	0	1	1	44	1
517	PXD001049	39	39	0	0	0	1	1	45	1
521	PXD001073	11	11	0	0	0	1	1	46	1
533	PXD001212	175	175	0	0	0	1	1	47	1
577	PXD001644	63	63	0	0	0	1	1	48	1
112	PRD000308	18501	18500	1	0	0	0.999945948867629	1	49	1
163	PRD000430	11706	11704	2	14	0	0.999829147445754	1	50	1
311	PRD000808	16795	16792	3	0	1	0.999821375409348	0.999940458469783	51	1
525	PXD001099	5273	5272	1	66	0	0.999810354636829	1	52	1
312	PRD000814	15014	15011	3	309	0	0.999800186492607	1	53	1
246	PRD000551	115629	115604	25	23180	0	0.999783791263437	1	54	1
57	PRD000168	25235	25229	6	94	0	0.999762234991084	1	55	1
66	PRD000191	7366	7364	2	0	0	0.999728482215585	1	56	1
572	PXD001528	31428	31419	9	873	0	0.99971363115693	1	57	1
485	PXD000783	361664	361550	114	344	0	0.999684790302601	1	58	1
34	PRD000096	38557	38544	13	0	0	0.999662836838966	1	59	1
94	PRD000262	2745	2744	1	0	0	0.999635701275046	1	60	1
47	PRD000139	89253	89219	34	0	1	0.999619060423739	0.999988795894816	61	1
143	PRD000395	14316	14310	6	333	0	0.999580888516345	1	62	1
82	PRD000229	11212	11207	5	404	0	0.999554049232965	1	63	1
67	PRD000192	8211	8207	4	0	0	0.999512848617708	1	64	1
303	PRD000744	27270	27255	15	1705	0	0.999449944994499	1	65	1
579	PXD001649	44750	44724	26	0	0	0.999418994413408	1	66	1
276	PRD000664	5162	5159	3	0	0	0.999418829910887	1	67	1
203	PRD000482	5120	5117	3	97	0	0.9994140625	1	68	1
65	PRD000182	10188	10182	6	1545	0	0.999411071849234	1	69	1
240	PRD000532	3195	3193	2	427	0	0.999374021909233	1	70	1
531	PXD001183	199939	199809	130	55670	17	0.999349801689515	0.999914974067091	71	1
81	PRD000228	9370	9363	7	264	0	0.999252934898613	1	72	1
334	PXD000045	7762	7756	6	0	0	0.999227003349652	1	73	1
573	PXD001536	30959	30935	24	936	0	0.999224781162182	1	74	1
235	PRD000520	3846	3843	3	0	0	0.999219968798752	1	75	1
268	PRD000635	120026	119930	96	0	0	0.999200173295786	1	76	1
161	PRD000426	62637	62586	51	0	0	0.999185784759806	1	77	1
283	PRD000681	13960	13948	12	300	0	0.999140401146132	1	78	1
534	PXD001213	87351	87272	79	12592	10	0.999095602797907	0.999885519341507	79	1
274	PRD000655	12392	12380	12	529	1	0.999031633311814	0.999919302775985	80	1
95	PRD000263	7136	7129	7	145	2	0.999019058295964	0.999719730941704	81	1
190	PRD000469	936	935	1	21	0	0.998931623931624	1	82	1
267	PRD000634	166213	166031	182	0	0	0.998905019462978	1	83	1
205	PRD000484	181450	181235	215	0	4	0.998815100578672	0.999977955359603	84	1
239	PRD000531	826	825	1	37	0	0.998789346246973	1	85	1
113	PRD000314	100739	100614	125	0	0	0.998759169735653	1	86	1
582	PXD001844	20046	20020	26	23	0	0.998702983138781	1	87	1
164	PRD000434	107828	107688	140	0	2	0.998701635938717	0.999981451941982	88	1
313	PRD000818	27017	26981	36	931	32	0.998667505644594	0.998815560572973	89	1
245	PRD000546	99149	99015	134	1168	16	0.998648498724142	0.99983862671333	90	1
257	PRD000600	7206	7196	10	1360	5	0.998612267554815	0.999306133777408	91	1
72	PRD000212	4211	4205	6	1152	2	0.998575160294467	0.999525053431489	92	1
315	PRD000825	2094	2091	3	25	2	0.998567335243553	0.999044890162369	93	1
177	PRD000453	695	694	1	5	0	0.998561151079137	1	94	1
165	PRD000435	129826	129638	188	3	1	0.998551907938317	0.999992297382651	95	1
271	PRD000647	12343	12325	18	673	0	0.998541683545329	1	96	1
253	PRD000591	79865	79747	118	4	14	0.998522506730107	0.999824704188318	97	1
115	PRD000321	26829	26789	40	891	0	0.998509075999851	1	98	1
236	PRD000522	27665	27623	42	484	2	0.998481836255196	0.999927706488343	99	1
418	PXD000442	152871	152627	244	9838	16	0.998403883012475	0.999895336590982	100	1
166	PRD000436	113945	113763	182	4	2	0.998402738163149	0.999982447672123	101	1
394	PXD000316	17029	17001	28	144	0	0.998355746080216	1	102	1
167	PRD000437	2370	2366	4	109	0	0.99831223628692	1	103	1
118	PRD000336	2910	2905	5	61	0	0.998281786941581	1	104	1
162	PRD000429	9276	9260	16	0	0	0.998275118585597	1	105	1
419	PXD000443	127711	127490	221	2733	12	0.998269530424161	0.999906037851086	106	1
361	PXD000164	441298	440527	771	83720	67	0.998252881272972	0.999848175156017	107	1
232	PRD000514	88746	88589	157	0	1	0.998230906181687	0.999988731886508	108	1
373	PXD000216	170082	169777	305	5299	4	0.998206747333639	0.999976481932244	109	1
64	PRD000181	12766	12743	23	803	0	0.998198339338869	1	110	1
301	PRD000737	157174	156887	287	0	0	0.998173998243984	1	111	1
421	PXD000447	41905	41827	78	3900	6	0.998138646939506	0.999856818995347	112	1
148	PRD000407	52532	52433	99	7533	13	0.998115434401888	0.999752531790147	113	1
567	PXD001447	4202	4194	8	1893	4	0.998096144693003	0.999048072346502	114	1
233	PRD000517	14689	14661	28	25	0	0.998093811695827	1	115	1
247	PRD000554	5235	5225	10	87	0	0.998089780324737	1	116	1
138	PRD000384	4042	4034	8	8	0	0.998020781791192	1	117	1
318	PXD000002	17865	17829	36	5101	1	0.997984886649874	0.999944024629163	118	1
130	PRD000363	75938	75782	156	1193	2	0.99794569253865	0.999973662724854	119	1
180	PRD000459	116719	116479	240	9148	59	0.997943779504622	0.999494512461553	120	1
469	PXD000682	236163	235655	508	5593	14	0.997848943314575	0.999940718910244	121	1
480	PXD000765	2789	2783	6	1626	4	0.9978486912872	0.998565794191467	122	1
49	PRD000142	455	454	1	0	0	0.997802197802198	1	123	1
424	PXD000454	2710	2704	6	259	0	0.997785977859779	1	124	1
132	PRD000365	2227	2222	5	315	3	0.997754827121688	0.998652896273013	125	1
181	PRD000460	9276	9255	21	399	1	0.997736093143596	0.9998921949116	126	1
250	PRD000581	882	880	2	0	0	0.997732426303855	1	127	1
571	PXD001524	877	875	2	122	0	0.997719498289624	1	128	1
36	PRD000100	146055	145718	337	17	22	0.997692650029099	0.999849371811989	129	1
490	PXD000834	10598	10573	25	135	0	0.997641064351764	1	130	1
77	PRD000221	238248	237670	578	9226	50	0.997573956549478	0.999790134649609	131	1
156	PRD000420	808	806	2	0	2	0.997524752475248	0.997524752475248	132	1
422	PXD000449	205028	204498	530	7874	11	0.997414987221258	0.999946348791385	133	1
69	PRD000194	94568	94318	250	1216	91	0.997356399627781	0.999037729464512	134	1
184	PRD000463	147373	146979	394	49082	177	0.997326511640531	0.998798965889274	135	1
310	PRD000796	1495	1491	4	430	0	0.997324414715719	1	136	1
520	PXD001072	51196	51055	141	0	29	0.997245878584264	0.999433549496054	137	1
90	PRD000250	1814	1809	5	52	0	0.997243660418964	1	138	1
53	PRD000154	85575	85338	237	5975	14	0.997230499561788	0.999836400817996	139	1
62	PRD000178	16434	16388	46	908	0	0.997200924911768	1	140	1
210	PRD000489	43679	43556	123	128	0	0.997184001465235	1	141	1
121	PRD000345	989184	986298	2886	60639	285	0.99708244371118	0.999711883734472	142	1
151	PRD000414	6127	6109	18	789	6	0.997062183776726	0.999020727925575	143	1
532	PXD001210	15542	15496	46	999	19	0.997040277956505	0.998777506112469	144	1
99	PRD000271	16508	16459	49	393	1	0.997031742185607	0.99993942330991	145	1
116	PRD000327	46618	46478	140	7	19	0.996996868162512	0.999592432107769	146	1
1	PRD000001	3898	3886	12	129	0	0.996921498204207	1	147	1
127	PRD000359	627	625	2	3	0	0.996810207336523	1	148	1
215	PRD000495	928	925	3	11	0	0.99676724137931	1	149	1
284	PRD000684	21837	21765	72	5596	25	0.996702843797225	0.998855154096259	150	1
260	PRD000608	101880	101544	336	12417	14	0.996702002355713	0.999862583431488	151	1
255	PRD000593	6349	6328	21	0	2	0.996692392502756	0.999684989762167	152	1
100	PRD000272	109343	108979	364	2921	70	0.996671026037332	0.999359812699487	153	1
548	PXD001351	37715	37586	129	973	13	0.996579610234655	0.999655309558531	154	1
84	PRD000232	499170	497453	1717	11248	34	0.996560290081535	0.999931886932308	155	1
272	PRD000650	9203	9171	32	0	1	0.996522872976203	0.999891339780506	156	1
423	PXD000450	5701	5681	20	24	0	0.996491843536222	1	157	1
575	PXD001572	70591	70339	252	7774	20	0.996430139819524	0.999716677763454	158	1
393	PXD000314	37389	37255	134	17	0	0.996416058198936	1	159	1
487	PXD000807	10301	10264	37	1954	4	0.996408115716921	0.999611688185613	160	1
363	PXD000185	56418	56212	206	74	1	0.996348683044418	0.99998227516041	161	1
131	PRD000364	1913	1906	7	220	0	0.996340825927862	1	162	1
414	PXD000429	467938	466220	1718	29125	445	0.99632857344349	0.999049019314525	163	1
278	PRD000666	295629	294537	1092	12071	37	0.996306181058015	0.999874843131087	164	1
103	PRD000280	79325	79030	295	0	10	0.996281121966593	0.999873936337851	165	1
230	PRD000511	138747	138231	516	37710	230	0.996281000670285	0.998342306500321	166	1
106	PRD000288	5866	5844	22	7	8	0.996249573815206	0.998636208660075	167	1
21	PRD000065	2384	2375	9	95	3	0.996224832214765	0.998741610738255	168	1
182	PRD000461	520	518	2	104	0	0.996153846153846	1	169	1
209	PRD000488	42656	42490	166	83	0	0.996108402100525	1	170	1
483	PXD000780	92213	91853	360	0	44	0.996095995141683	0.99952284385065	171	1
359	PXD000161	67255	66992	263	1446	5	0.9960895100736	0.999925656085049	172	1
183	PRD000462	2803	2792	11	390	0	0.996075633250089	1	173	1
248	PRD000562	60364	60126	238	82	3	0.996057252667153	0.999950301504208	174	1
61	PRD000176	51110	50908	202	976	37	0.996047740168264	0.99927607121894	175	1
41	PRD000118	55864	55643	221	9648	31	0.996043963912359	0.999445080910783	176	1
568	PXD001461	1492	1486	6	6	0	0.99597855227882	1	177	1
48	PRD000141	44693	44513	180	5208	2	0.995972523661424	0.999955250262905	178	1
3	PRD000011	1985	1977	8	77	1	0.995969773299748	0.999496221662469	179	1
524	PXD001091	268188	267089	1099	378	63	0.995902128357719	0.999765090160634	180	1
296	PRD000730	75860	75547	313	5373	27	0.995873978381229	0.999644081202215	181	1
15	PRD000053	194490	193679	811	9516	122	0.995830119800504	0.999372718391691	182	1
198	PRD000477	2154	2145	9	1435	0	0.995821727019499	1	183	1
282	PRD000680	4519	4500	19	721	7	0.99579552998451	0.998450984731135	184	1
24	PRD000068	3088	3075	13	21	1	0.995790155440414	0.999676165803109	185	1
29	PRD000084	36668	36511	157	0	21	0.995718337514999	0.999427293552962	186	1
263	PRD000619	6477	6449	28	0	0	0.995677010961865	1	187	1
323	PXD000015	692	689	3	159	0	0.995664739884393	1	188	1
228	PRD000509	10206	10161	45	0	7	0.995590828924162	0.999314128943759	189	1
279	PRD000668	79284	78932	352	8225	60	0.995560264366076	0.999243226880581	190	1
192	PRD000471	2476	2465	11	113	3	0.995557350565428	0.998788368336026	191	1
52	PRD000151	4046	4028	18	2078	4	0.995551161641127	0.999011369253584	192	1
73	PRD000214	73284	72954	330	12230	133	0.995496970689373	0.998185142732384	193	1
297	PRD000731	18986	18898	88	1024	16	0.995365005793743	0.999157273780681	194	1
11	PRD000044	130439	129831	608	0	51	0.995338817378238	0.999609012641925	195	1
128	PRD000360	1070	1065	5	67	2	0.995327102803738	0.998130841121495	196	1
384	PXD000264	117434	116884	550	73	8	0.995316518214486	0.999931876628574	197	1
202	PRD000481	4897	4874	23	325	3	0.995303246885848	0.999387380028589	198	1
413	PXD000426	67182	66863	319	1006	25	0.995251704325563	0.999627876514543	199	1
261	PRD000615	6033	6004	29	0	0	0.995193104591414	1	200	1
147	PRD000401	611	608	3	588	3	0.995090016366612	0.995090016366612	201	1
35	PRD000097	184507	183583	924	170	36	0.994992059921846	0.9998048854515	202	1
510	PXD001000	28839	28692	147	81	2	0.994902735878498	0.999930649467735	203	1
302	PRD000738	14694	14619	75	1370	5	0.994895875867701	0.999659725057847	204	1
266	PRD000631	24247	24123	124	3923	1	0.994885965274054	0.999958757784468	205	1
133	PRD000366	85614	85175	439	284	162	0.994872333964071	0.998107786109748	206	1
129	PRD000362	26603	26465	138	7107	26	0.994812615118596	0.999022666616547	207	1
111	PRD000307	576	573	3	0	2	0.994791666666667	0.996527777777778	208	1
530	PXD001174	46736	46490	246	36407	204	0.994736391646696	0.995635056487504	209	1
535	PXD001248	3000	2984	16	2936	15	0.994666666666667	0.995	210	1
234	PRD000518	251381	250018	1363	4495	81	0.994577951396486	0.999677779943592	211	1
206	PRD000485	71746	71356	390	13	1	0.994564156886795	0.999986061940735	212	1
123	PRD000347	183	182	1	0	0	0.994535519125683	1	213	1
552	PXD001386	385538	383401	2137	585	11	0.994457096317354	0.999971468441503	214	1
370	PXD000210	34502	34308	194	476	3	0.994377137557243	0.999913048518926	215	1
170	PRD000441	16356	16264	92	434	1	0.994375152849107	0.999938860357055	216	1
292	PRD000722	6151	6116	35	65	16	0.994309868314095	0.997398796943586	217	1
218	PRD000498	30825	30649	176	171	6	0.994290348742903	0.999805352798053	218	1
70	PRD000204	4838	4810	28	0	5	0.994212484497726	0.99896651508888	219	1
214	PRD000494	1871	1860	11	0	0	0.994120791020844	1	220	1
186	PRD000465	20840	20716	124	935	2	0.99404990403071	0.999904030710173	221	1
223	PRD000504	33422	33223	199	18035	119	0.994045838070732	0.996439471007121	222	1
185	PRD000464	65808	65408	400	1148	8	0.993921711646001	0.99987843423292	223	1
420	PXD000445	128997	128204	793	11835	36	0.993852570214811	0.999720923742413	224	1
399	PXD000354	30342	30155	187	1438	34	0.993836925713532	0.998879441038824	225	1
286	PRD000695	161	160	1	0	1	0.993788819875776	0.993788819875776	226	1
213	PRD000493	24253	24102	151	0	2	0.993773966107286	0.999917535974931	227	1
18	PRD000057	482365	479338	3027	0	10	0.993724669078395	0.999979268810963	228	1
538	PXD001286	637	633	4	2	0	0.993720565149137	1	229	1
56	PRD000167	6845	6802	43	343	11	0.993718042366691	0.998392987582177	230	1
504	PXD000923	3443	3421	22	0	3	0.993610223642173	0.999128666860296	231	1
372	PXD000213	156	155	1	104	0	0.993589743589744	1	232	1
518	PXD001054	24295	24132	163	2653	18	0.99329080057625	0.999259106812101	233	1
74	PRD000216	8058	8003	55	1710	10	0.993174484983867	0.998758997269794	234	1
71	PRD000211	146	145	1	124	1	0.993150684931507	0.993150684931507	235	1
293	PRD000726	74083	73562	521	4175	17	0.992967347434634	0.999770527651418	236	1
503	PXD000922	57437	57031	406	0	0	0.99293138569215	1	237	1
199	PRD000478	130315	129373	942	34306	32	0.992771361700495	0.9997544411618	238	1
197	PRD000476	163965	162761	1204	0	3	0.992656969475193	0.999981703412314	239	1
327	PXD000025	1905	1891	14	6	0	0.992650918635171	1	240	1
288	PRD000704	37712	37431	281	4029	30	0.992548790835808	0.999204497242257	241	1
477	PXD000746	182817	181452	1365	8553	19	0.992533517123681	0.999896070934322	242	1
337	PXD000053	5062	5024	38	0	0	0.992493085736863	1	243	1
226	PRD000507	102681	101890	791	4471	169	0.992296530029898	0.998354125885023	244	1
328	PXD000026	387	384	3	39	0	0.992248062015504	1	245	1
511	PXD001006	161219	159948	1271	5012	116	0.992116313833977	0.999280481829065	246	1
499	PXD000894	29151	28917	234	24	0	0.991972831120716	1	247	1
409	PXD000403	241885	239911	1974	0	10	0.991839097091593	0.999958658039978	248	1
244	PRD000545	237840	235897	1943	0	8	0.991830642448705	0.999966363942146	249	1
365	PXD000189	602	597	5	133	0	0.991694352159468	1	250	1
249	PRD000565	1563	1550	13	671	1	0.991682661548305	0.999360204734485	251	1
380	PXD000247	16680	16540	140	49	12	0.991606714628297	0.999280575539568	252	1
124	PRD000349	1223384	1212889	10495	0	257	0.991421336228036	0.999789926956704	253	1
30	PRD000087	64675	64118	557	419	130	0.991387707769617	0.997989949748744	254	1
172	PRD000444	8733	8657	76	280	7	0.99129737776251	0.999198442688652	255	1
219	PRD000499	3911	3876	35	0	2	0.991050882127333	0.999488621835848	256	1
346	PXD000094	61991	61435	556	0	26	0.991030956106532	0.999580584278363	257	1
87	PRD000241	1672	1657	15	0	7	0.991028708133971	0.995813397129187	258	1
38	PRD000105	2227	2207	20	0	0	0.991019308486753	1	259	1
25	PRD000072	40858	40491	367	72	58	0.991017670957952	0.998580449361202	260	1
256	PRD000594	532628	527795	4833	29409	275	0.990926124800048	0.999483692182912	261	1
336	PXD000050	15693	15550	143	430	2	0.990887656917097	0.999872554642197	262	1
134	PRD000369	2301	2280	21	144	0	0.990873533246415	1	263	1
178	PRD000456	8653	8574	79	1	7	0.990870218421357	0.999191032012019	264	1
340	PXD000070	39862	39492	370	1096	17	0.990717977020722	0.999573528673925	265	1
507	PXD000966	38872	38506	366	1366	24	0.990584482403787	0.999382589010084	266	1
430	PXD000472	11028	10924	104	12	0	0.99056945955749	1	267	1
189	PRD000468	106	105	1	7	0	0.990566037735849	1	268	1
194	PRD000473	424	420	4	10	0	0.990566037735849	1	269	1
220	PRD000500	4644	4600	44	0	1	0.99052540913006	0.99978466838932	270	1
217	PRD000497	2628	2603	25	1	5	0.990487062404871	0.998097412480974	271	1
505	PXD000948	52661	52152	509	756	37	0.990334403068685	0.999297392757449	272	1
335	PXD000047	22634	22413	221	1314	47	0.990235928249536	0.997923477953521	273	1
355	PXD000152	1327	1314	13	0	0	0.990203466465712	1	274	1
475	PXD000732	4281	4239	42	0	3	0.990189208128942	0.999299229152067	275	1
225	PRD000506	4982	4932	50	3	0	0.989963869931754	1	276	1
425	PXD000455	443358	438847	4511	29146	91	0.989825378136856	0.999794748262127	277	1
326	PXD000023	20698	20487	211	136	10	0.989805778336071	0.999516861532515	278	1
191	PRD000470	870	861	9	155	0	0.989655172413793	1	279	1
102	PRD000277	83503	82637	866	5945	61	0.989629115121612	0.999269487323809	280	1
195	PRD000474	324065	320631	3434	41155	421	0.989403360436949	0.998700877910296	281	1
51	PRD000146	24228	23971	257	2182	45	0.989392438500908	0.9981426448737	282	1
306	PRD000769	371	367	4	4	0	0.98921832884097	1	283	1
135	PRD000376	739	731	8	2	0	0.989174560216509	1	284	1
479	PXD000764	29961	29632	329	12224	31	0.989019058108875	0.998965321584727	285	1
221	PRD000502	12563	12421	142	1	5	0.988696967284884	0.999602005890313	286	1
176	PRD000451	37166	36740	426	0	14	0.988537910993919	0.999623311628908	287	1
259	PRD000607	687	679	8	105	1	0.988355167394469	0.998544395924309	288	1
348	PXD000107	770	761	9	85	2	0.988311688311688	0.997402597402597	289	1
154	PRD000418	91091	90021	1070	1459	29	0.988253504737021	0.999681637044274	290	1
392	PXD000312	29911	29554	357	16	1	0.988064591621811	0.999966567483535	291	1
486	PXD000786	6567	6488	79	613	1	0.9879701537993	0.999847723465814	292	1
442	PXD000536	7284	7196	88	503	4	0.987918725974739	0.99945085118067	293	1
262	PRD000616	7842	7746	96	2079	35	0.987758224942617	0.995536852843662	294	1
231	PRD000512	325	321	4	0	0	0.987692307692308	1	295	1
493	PXD000864	224164	221394	2770	25	1	0.987642975678521	0.999995538980389	296	1
367	PXD000196	56594	55874	720	12	39	0.987277803300703	0.999310881012121	297	1
375	PXD000218	78580	77570	1010	1755	22	0.987146856706541	0.999720030542123	298	1
528	PXD001162	98677	97407	1270	1642	72	0.987129726278667	0.999270346686665	299	1
20	PRD000062	854	843	11	15	1	0.98711943793911	0.998829039812646	300	1
7	PRD000019	17431	17205	226	3467	15	0.987034593540244	0.999139464173025	301	1
298	PRD000732	7700	7600	100	493	3	0.987012987012987	0.99961038961039	302	1
426	PXD000457	59046	58276	770	17484	217	0.986959319852319	0.996324899231108	303	1
434	PXD000504	3870	3819	51	218	3	0.986821705426357	0.99922480620155	304	1
32	PRD000092	39986	39459	527	5101	136	0.986820387135497	0.996598809583354	305	1
19	PRD000059	14845	14649	196	2225	46	0.986796901313574	0.996901313573594	306	1
435	PXD000505	4691	4628	63	222	8	0.986570027712641	0.998294606693669	307	1
321	PXD000012	222	219	3	25	2	0.986486486486487	0.990990990990991	308	1
291	PRD000721	146726	144742	1984	23	1	0.986478197456483	0.999993184575331	309	1
54	PRD000156	294	290	4	216	0	0.986394557823129	1	310	1
295	PRD000729	290	286	4	0	0	0.986206896551724	1	311	1
50	PRD000143	572	564	8	299	8	0.986013986013986	0.986013986013986	312	1
108	PRD000291	357	352	5	204	3	0.985994397759104	0.991596638655462	313	1
454	PXD000624	61172	60312	860	2976	27	0.985941280324331	0.999558621591578	314	1
14	PRD000050	349	344	5	3	2	0.98567335243553	0.994269340974212	315	1
362	PXD000176	6576	6481	95	73	40	0.985553527980535	0.993917274939173	316	1
516	PXD001045	13872	13667	205	6723	84	0.985222029988466	0.993944636678201	317	1
142	PRD000394	203	200	3	86	0	0.985221674876847	1	318	1
344	PXD000083	67	66	1	59	0	0.985074626865672	1	319	1
474	PXD000722	1781	1754	27	38	0	0.984839977540708	1	320	1
136	PRD000377	901	887	14	0	0	0.984461709211987	1	321	1
2	PRD000008	1143	1125	18	77	1	0.984251968503937	0.99912510936133	322	1
439	PXD000533	287903	283333	4570	3862	33	0.984126598194531	0.999885378061361	323	1
509	PXD000997	40801	40151	650	1435	80	0.984069017916228	0.998039263743536	324	1
471	PXD000692	6061	5962	99	0	3	0.983666061705989	0.999505032172909	325	1
410	PXD000411	609	599	10	0	0	0.983579638752053	1	326	1
395	PXD000318	141972	139624	2348	261	310	0.983461527625165	0.997816470853408	327	1
13	PRD000047	4340	4268	72	10	11	0.983410138248848	0.997465437788018	328	1
269	PRD000636	5238	5150	88	92	4	0.983199694539901	0.999236349751814	329	1
105	PRD000285	2073	2038	35	102	0	0.983116256632899	1	330	1
555	PXD001401	162904	160146	2758	68	79	0.983069783430732	0.999515051809655	331	1
386	PXD000276	75406	74129	1277	635	14	0.983065008089542	0.999814338381561	332	1
492	PXD000858	57382	56389	993	2121	23	0.982694921752466	0.999599177442404	333	1
406	PXD000385	17689	17382	307	1485	4	0.982644581378258	0.999773870767143	334	1
307	PRD000774	1546	1519	27	12	0	0.982535575679172	1	335	1
204	PRD000483	171	168	3	12	0	0.982456140350877	1	336	1
536	PXD001267	83501	82006	1495	106	39	0.982096022802122	0.999532939725273	337	1
369	PXD000201	383497	376420	7077	1121	30	0.981546139865501	0.999921772530163	338	1
441	PXD000535	330316	324114	6202	6665	96	0.981224040010172	0.99970936921009	339	1
357	PXD000157	52294	51298	996	983	10	0.980953837916396	0.999808773473056	340	1
451	PXD000603	5613	5506	107	1402	35	0.980937110279708	0.993764475325138	341	1
354	PXD000142	1596	1565	31	0	17	0.980576441102757	0.989348370927318	342	1
498	PXD000887	56177	55082	1095	306	30	0.980508037097033	0.999465973619097	343	1
356	PXD000155	246763	241937	4826	40407	616	0.980442773025129	0.997503677617795	344	1
513	PXD001031	3176	3113	63	16	3	0.980163727959698	0.999055415617129	345	1
117	PRD000334	3952	3873	79	6	33	0.98001012145749	0.99164979757085	346	1
343	PXD000076	15154	14845	309	90	8	0.979609344067573	0.999472086577801	347	1
294	PRD000727	49	48	1	2	0	0.979591836734694	1	348	1
338	PXD000054	121710	119196	2514	0	644	0.979344343110673	0.994708733875606	349	1
389	PXD000306	26001	25457	544	149	93	0.979077727779701	0.99642321449175	350	1
557	PXD001403	14855	14544	311	1115	16	0.979064288118479	0.998922921575227	351	1
175	PRD000450	1187	1162	25	41	23	0.97893850042123	0.980623420387532	352	1
547	PXD001349	296315	289931	6384	4176	136	0.9784553600054	0.999541028972546	353	1
173	PRD000448	34374	33631	743	1396	79	0.978384825740385	0.997701751323675	354	1
122	PRD000346	498	487	11	418	10	0.977911646586345	0.979919678714859	355	1
158	PRD000422	361	353	8	118	2	0.977839335180055	0.994459833795014	356	1
574	PXD001541	3040	2972	68	0	0	0.977631578947368	1	357	1
433	PXD000500	133	130	3	39	0	0.977443609022556	1	358	1
358	PXD000160	164024	160306	3718	4690	192	0.977332585475296	0.998829439594206	359	1
145	PRD000398	44	43	1	0	1	0.977272727272727	0.977272727272727	360	1
222	PRD000503	2132	2083	49	94	16	0.977016885553471	0.99249530956848	361	1
150	PRD000411	954	932	22	21	0	0.976939203354298	1	362	1
497	PXD000881	555	542	13	99	1	0.976576576576577	0.998198198198198	363	1
537	PXD001268	32054	31301	753	3924	68	0.976508392088351	0.997878579896425	364	1
457	PXD000631	69286	67622	1664	0	54	0.975983604191323	0.999220621770632	365	1
85	PRD000233	41	40	1	0	0	0.975609756097561	1	366	1
432	PXD000488	12992	12673	319	288	22	0.975446428571429	0.998306650246305	367	1
144	PRD000397	40138	39105	1033	599	28	0.97426378992476	0.999302406696896	368	1
366	PXD000190	28615	27866	749	516	11	0.973824917001573	0.999615586230998	369	1
489	PXD000817	954	929	25	1	0	0.973794549266247	1	370	1
437	PXD000529	260162	253175	6987	4389	213	0.973143656644706	0.999181279356709	371	1
91	PRD000251	37	36	1	10	0	0.972972972972973	1	372	1
396	PXD000335	7866	7653	213	385	12	0.972921434019832	0.998474446987033	373	1
352	PXD000127	8457	8226	231	0	0	0.972685349414686	1	374	1
208	PRD000487	511	497	14	0	0	0.972602739726027	1	375	1
125	PRD000351	5798	5639	159	765	105	0.972576750603656	0.981890307002415	376	1
472	PXD000693	25226	24534	692	1	11	0.972567985411877	0.99956394196464	377	1
515	PXD001042	2250	2188	62	4	13	0.972444444444444	0.994222222222222	378	1
377	PXD000223	1048	1019	29	152	3	0.972328244274809	0.997137404580153	379	1
388	PXD000283	69768	67831	1937	4728	132	0.97223655544089	0.998108015135879	380	1
376	PXD000222	252548	245532	7016	4553	385	0.972219142499644	0.998475537323598	381	1
224	PRD000505	286	278	8	0	0	0.972027972027972	1	382	1
277	PRD000665	313728	304928	8800	10023	1362	0.971950224398205	0.995658659730722	383	1
109	PRD000293	14555	14145	410	0	0	0.971830985915493	1	384	1
445	PXD000558	17339	16850	489	217	51	0.971797681527193	0.997058653901609	385	1
403	PXD000378	457	444	13	0	0	0.971553610503282	1	386	1
251	PRD000582	312	303	9	213	2	0.971153846153846	0.993589743589744	387	1
211	PRD000491	15437	14990	447	3	4	0.971043596553735	0.999740882295783	388	1
169	PRD000439	1125771	1093062	32709	11289	384	0.970945245525067	0.99965890043357	389	1
316	PRD000847	9058	8794	264	1984	176	0.970854493265622	0.980569662177081	390	1
299	PRD000733	35571	34527	1044	3951	106	0.970650248798178	0.997020044418206	391	1
402	PXD000375	18822	18266	556	143	16	0.970460099883116	0.999149930931888	392	1
508	PXD000994	8179	7937	242	896	43	0.970412030810613	0.994742633573787	393	1
494	PXD000876	277991	269749	8242	8499	1856	0.970351558143969	0.993323524862316	394	1
456	PXD000629	5665	5497	168	4206	49	0.970344218887908	0.99135039717564	395	1
526	PXD001118	31230	30294	936	0	0	0.970028818443804	1	396	1
207	PRD000486	232	225	7	81	3	0.969827586206897	0.987068965517241	397	1
570	PXD001492	40932	39664	1268	294	16	0.96902179224079	0.999609107788527	398	1
455	PXD000625	427749	414453	13296	4121	243	0.968916350476565	0.999431909834973	399	1
447	PXD000580	2959	2867	92	0	0	0.968908415005069	1	400	1
58	PRD000169	415	402	13	179	4	0.968674698795181	0.990361445783133	401	1
496	PXD000878	18363	17781	582	451	30	0.96830583238033	0.998366280019605	402	1
227	PRD000508	1438	1392	46	0	0	0.968011126564673	1	403	1
86	PRD000234	11878	11493	385	1164	273	0.967587135881462	0.977016332715945	404	1
569	PXD001474	366812	354825	11987	17495	342	0.967321134532131	0.999067642279969	405	1
341	PXD000072	91281	88274	3007	4096	189	0.967057766676526	0.997929470536037	406	1
22	PRD000066	98403	95113	3290	2075	875	0.966566059977846	0.991107994674959	407	1
453	PXD000623	21582	20860	722	484	19	0.966546195903994	0.999119636734316	408	1
242	PRD000542	7837	7570	267	310	8	0.965930840882991	0.998979201224959	409	1
212	PRD000492	7713	7447	266	309	10	0.96551277064696	0.998703487618307	410	1
478	PXD000756	177717	171545	6172	17775	830	0.96527062689557	0.995329653325231	411	1
407	PXD000387	57608	55580	2028	4324	204	0.964796556033884	0.996458825163172	412	1
17	PRD000055	12396	11958	438	236	58	0.964666021297193	0.995321071313327	413	1
500	PXD000897	261843	252353	9490	10841	472	0.96375690776534	0.998197393094335	414	1
45	PRD000126	25425	24502	923	1523	67	0.96369714847591	0.997364798426745	415	1
287	PRD000698	4219	4064	155	84	49	0.963261436359327	0.988385873429723	416	1
379	PXD000235	27	26	1	0	0	0.962962962962963	1	417	1
75	PRD000218	296	285	11	0	0	0.962837837837838	1	418	1
188	PRD000467	5123	4932	191	4819	177	0.962717157915284	0.965449931680656	419	1
527	PXD001156	25417	24459	958	8393	289	0.96230869103356	0.98862965731597	420	1
502	PXD000905	130	125	5	0	0	0.961538461538462	1	421	1
391	PXD000311	22352	21478	874	419	19	0.960898353614889	0.999149964209019	422	1
28	PRD000083	106183	101965	4218	94	291	0.960276127063654	0.997259448310935	423	1
501	PXD000899	11213	10747	466	977	26	0.958441095157407	0.997681262819941	424	1
339	PXD000069	38383	36785	1598	709	77	0.958366985384154	0.997993903551051	425	1
468	PXD000674	2684	2572	112	53	12	0.958271236959762	0.995529061102832	426	1
512	PXD001020	161061	154339	6722	3632	526	0.958264260125046	0.996734156623888	427	1
347	PXD000095	918	879	39	0	0	0.957516339869281	1	428	1
243	PRD000544	37234	35637	1597	10389	23	0.957109093838964	0.999382285008326	429	1
481	PXD000768	488	467	21	12	0	0.956967213114754	1	430	1
300	PRD000736	2492	2384	108	0	3	0.956661316211878	0.998796147672552	431	1
397	PXD000345	89239	85317	3922	1361	175	0.95605060567689	0.998038973991192	432	1
98	PRD000270	68	65	3	29	3	0.955882352941177	0.955882352941177	433	1
482	PXD000769	293	280	13	9	0	0.955631399317406	1	434	1
401	PXD000363	5223	4991	232	0	2	0.95558108366839	0.999617078307486	435	1
488	PXD000808	12836	12265	571	8	4	0.955515736989716	0.999688376441259	436	1
495	PXD000877	5864	5603	261	158	50	0.955491132332879	0.991473396998636	437	1
549	PXD001357	2332	2228	104	531	13	0.955403087478559	0.99442538593482	438	1
289	PRD000711	781372	746485	34887	33347	1818	0.955351612292224	0.997673323333828	439	1
31	PRD000089	71370	68181	3189	1309	549	0.955317360235393	0.992307692307692	440	1
342	PXD000073	7111	6785	326	3264	190	0.954155533680214	0.973280832513008	441	1
539	PXD001304	1330	1269	61	19	0	0.954135338345865	1	442	1
383	PXD000263	14371	13705	666	1343	111	0.953656669681998	0.992276111613666	443	1
459	PXD000638	29168	27781	1387	282	29	0.952447888096544	0.999005759736698	444	1
444	PXD000557	4122	3923	199	90	1	0.951722464822901	0.999757399320718	445	1
404	PXD000383	392054	373096	18958	63965	3534	0.951644416330403	0.990985935610911	446	1
416	PXD000435	42116	40063	2053	27	109	0.951253680311521	0.997411909962959	447	1
390	PXD000307	19979	18985	994	4344	53	0.950247760148156	0.997347214575304	448	1
44	PRD000124	140	133	7	2	0	0.95	1	449	1
458	PXD000637	30472	28944	1528	271	35	0.949855605145708	0.998851404568128	450	1
350	PXD000124	17479	16540	939	179	28	0.946278391212312	0.998398077693232	451	1
400	PXD000355	19859	18765	1094	230	126	0.94491162697014	0.99365526965104	452	1
12	PRD000046	342	323	19	189	0	0.944444444444444	1	453	1
139	PRD000387	3393	3204	189	359	8	0.944297082228117	0.997642204538756	454	1
461	PXD000652	122355	115443	6912	14095	2036	0.943508642883413	0.983359895386376	455	2
330	PXD000030	778	734	44	186	6	0.943444730077121	0.992287917737789	456	2
4	PRD000012	87	82	5	1	0	0.942528735632184	1	457	2
438	PXD000532	52	49	3	1	0	0.942307692307692	1	458	2
79	PRD000226	4039	3804	235	21	4	0.941817281505323	0.99900965585541	459	2
415	PXD000433	9486	8933	553	17	19	0.941703563145688	0.997997048281678	460	2
583	PXD001910	160321	150906	9415	11822	557	0.941274068899271	0.996525720273701	461	2
325	PXD000021	20944	19685	1259	110	38	0.939887318563789	0.99818563789152	462	2
443	PXD000543	47078	44213	2865	1041	47	0.939143549003781	0.999001656824844	463	2
428	PXD000461	39520	37080	2440	1049	96	0.938259109311741	0.997570850202429	464	2
465	PXD000656	30752	28823	1929	11410	624	0.937272372528616	0.979708636836629	465	2
254	PRD000592	5543	5194	349	138	80	0.937037705213783	0.985567382283962	466	2
43	PRD000123	1330	1245	85	23	15	0.93609022556391	0.988721804511278	467	2
16	PRD000054	45838	42905	2933	243	95	0.936013787687072	0.997927483747109	468	2
160	PRD000425	13942	13048	894	1639	36	0.935877205565916	0.997417874049634	469	2
551	PXD001362	16643	15575	1068	1593	67	0.935828877005348	0.995974283482545	470	2
491	PXD000854	719693	673504	46189	9994	591	0.935821246003504	0.999178816523156	471	2
374	PXD000217	14950	13988	962	483	21	0.935652173913043	0.998595317725752	472	2
529	PXD001167	28710	26851	1859	4	21	0.935249042145594	0.99926854754441	473	2
556	PXD001402	350	327	23	204	20	0.934285714285714	0.942857142857143	474	2
229	PRD000510	45	42	3	2	0	0.933333333333333	1	475	2
463	PXD000654	130371	121607	8764	10572	1440	0.932776461022773	0.988954598798813	476	2
8	PRD000020	3839	3579	260	646	60	0.932274029695233	0.984370929929669	477	2
238	PRD000524	59	55	4	47	4	0.932203389830508	0.932203389830508	478	2
331	PXD000035	458	424	34	0	0	0.925764192139738	1	479	2
452	PXD000605	289299	267546	21753	15975	1096	0.924807897711364	0.996211532013591	480	2
270	PRD000644	2039	1881	158	941	80	0.922511034820991	0.960765080922021	481	2
258	PRD000605	542	500	42	36	5	0.922509225092251	0.990774907749078	482	2
387	PXD000280	692	638	54	0	0	0.921965317919075	1	483	2
304	PRD000748	24335	22410	1925	3840	102	0.920895829052805	0.995808506266694	484	2
83	PRD000231	7904	7251	653	735	131	0.917383603238866	0.983426113360324	485	2
371	PXD000211	20087	18403	1684	62	649	0.916164683626226	0.967690546124359	486	2
381	PXD000249	7141	6539	602	0	9	0.91569808150119	0.998739672314802	487	2
265	PRD000629	462	422	40	120	37	0.913419913419913	0.91991341991342	488	2
431	PXD000475	460	420	40	36	6	0.91304347826087	0.98695652173913	489	2
146	PRD000400	81604	74366	7238	1955	4281	0.911303367481986	0.947539336307044	490	2
581	PXD001793	580	528	52	0	3	0.910344827586207	0.994827586206897	491	2
353	PXD000129	73165	66575	6590	184	237	0.909929611152874	0.996760746258457	492	2
385	PXD000265	7841	7132	709	78	216	0.909577859966841	0.972452493304425	493	2
464	PXD000655	13382	12170	1212	5245	523	0.909430578388881	0.9609176505754	494	2
349	PXD000119	22	20	2	10	1	0.909090909090909	0.954545454545455	495	2
466	PXD000657	90904	82557	8347	7901	1289	0.908177857960046	0.985820205931532	496	2
580	PXD001677	222	201	21	0	0	0.905405405405405	1	497	2
462	PXD000653	11209	10118	1091	3019	467	0.902667499330895	0.958337050584352	498	2
460	PXD000651	90000	81002	8998	34622	4366	0.900022222222222	0.951488888888889	499	2
324	PXD000016	24981	22327	2654	19	296	0.893759257035347	0.988150994756015	500	2
59	PRD000172	5915	5285	630	632	467	0.893491124260355	0.921048182586644	501	2
473	PXD000694	110612	98549	12063	2767	636	0.890943116479225	0.994250171771598	502	2
553	PXD001387	52759	46713	6046	5296	1582	0.885403438275934	0.970014594666313	503	2
333	PXD000043	640	566	74	5	1	0.884375	0.9984375	504	2
26	PRD000073	116704	103190	13514	4993	2710	0.884202769399506	0.976778859336441	505	2
119	PRD000340	161	142	19	72	1	0.881987577639752	0.993788819875776	506	2
360	PXD000162	156	137	19	18	15	0.878205128205128	0.903846153846154	507	2
88	PRD000242	1628	1426	202	789	103	0.875921375921376	0.936732186732187	508	2
398	PXD000348	208	180	28	92	2	0.865384615384615	0.990384615384615	509	2
412	PXD000417	66	57	9	0	7	0.863636363636364	0.893939393939394	510	2
476	PXD000743	25504	22006	3498	5005	320	0.86284504391468	0.987452948557089	511	2
46	PRD000127	14216	12266	1950	178	270	0.86283061339336	0.981007315700619	512	2
332	PXD000041	1537	1326	211	13	142	0.862719583604424	0.907612231620039	513	2
107	PRD000289	8720	7520	1200	1251	833	0.862385321100917	0.90447247706422	514	2
550	PXD001359	1058	911	147	73	2	0.861058601134216	0.998109640831758	515	2
329	PXD000027	622	535	87	0	0	0.860128617363344	1	516	2
467	PXD000662	107	92	15	0	0	0.85981308411215	1	517	2
411	PXD000412	8012	6806	1206	952	142	0.849475786320519	0.982276585122317	518	2
155	PRD000419	84260	71113	13147	3444	5154	0.843971042012817	0.938832186090672	519	2
450	PXD000594	461	388	73	0	28	0.841648590021692	0.939262472885033	520	2
317	PXD000001	44	37	7	6	1	0.840909090909091	0.977272727272727	521	2
275	PRD000659	71358	59903	11455	2010	5377	0.839471397740968	0.92464755178116	522	2
78	PRD000224	12	10	2	0	0	0.833333333333333	1	523	2
429	PXD000464	1234	1028	206	0	58	0.833063209076175	0.952998379254457	524	2
506	PXD000961	3925	3194	731	860	82	0.81375796178344	0.979108280254777	525	2
171	PRD000443	10778	8662	2116	687	304	0.803674151048432	0.971794395991835	526	2
484	PXD000781	10450	8391	2059	663	294	0.802966507177034	0.971866028708134	527	2
305	PRD000753	109	87	22	2	3	0.798165137614679	0.972477064220183	528	2
351	PXD000126	14	11	3	1	0	0.785714285714286	1	529	2
440	PXD000534	197641	155061	42580	11100	2475	0.78455887189399	0.987477294690879	530	2
120	PRD000341	126	97	29	29	5	0.76984126984127	0.96031746031746	531	2
10	PRD000032	168468	127937	40531	5924	2064	0.759414250777596	0.987748415129283	532	2
126	PRD000354	17022	12666	4356	3007	1184	0.744095875925273	0.930442956174363	533	2
578	PXD001647	37	27	10	22	9	0.72972972972973	0.756756756756757	534	2
576	PXD001574	30136	21313	8823	1199	602	0.707227236527741	0.980023891691001	535	3
114	PRD000319	3073	2041	1032	124	641	0.664171819069313	0.791409046534331	536	3
322	PXD000013	42825	28239	14586	1076	819	0.659404553415061	0.980875656742557	537	3
368	PXD000197	5815	3655	2160	426	947	0.628546861564918	0.837145313843508	538	3
364	PXD000187	2260	1381	879	0	820	0.611061946902655	0.63716814159292	539	3
89	PRD000246	48951	29394	19557	49	2458	0.600478029049458	0.949786521215093	540	3
378	PXD000226	35854	21475	14379	5230	6241	0.598956880682769	0.825932950298432	541	3
80	PRD000227	361	209	152	83	14	0.578947368421053	0.961218836565097	542	3
55	PRD000165	84186	46561	37625	2987	4321	0.553072957498872	0.948673176062528	543	3
519	PXD001063	2	1	1	1	1	0.5	0.5	544	3
153	PRD000417	35930	17572	18358	3719	4074	0.489062065126635	0.886612858335653	545	3
152	PRD000416	36105	17649	18456	3622	3972	0.488824262567511	0.889987536352306	546	3
39	PRD000108	15239	7296	7943	3793	4012	0.478771572937857	0.736728131767176	547	3
93	PRD000259	1625	778	847	201	73	0.478769230769231	0.955076923076923	548	3
97	PRD000269	78389	37432	40957	3592	4382	0.477515978007118	0.944099299646634	549	3
449	PXD000593	97598	46485	51113	8607	9703	0.476290497756102	0.900581979138917	550	3
179	PRD000458	17730	8349	9381	2127	8027	0.470896785109983	0.547264523406655	551	3
23	PRD000067	1709	620	1089	0	106	0.362785254534816	0.937975424224693	552	3
319	PXD000004	454243	164174	290069	5819	13012	0.36142329105787	0.971354539310457	553	3
522	PXD001089	110	32	78	0	60	0.290909090909091	0.454545454545455	554	4
241	PRD000541	757	207	550	41	58	0.273447820343461	0.92338177014531	555	4
345	PXD000090	6446	1605	4841	30	2353	0.248991622711759	0.634967421656842	556	4
110	PRD000303	680	128	552	116	418	0.188235294117647	0.385294117647059	557	4
33	PRD000093	122	10	112	0	92	0.0819672131147541	0.245901639344262	558	4
554	PXD001390	41866	2524	39342	321	5804	0.0602875841972006	0.861367219223236	559	4
42	PRD000122	1662	42	1620	0	104	0.0252707581227437	0.937424789410349	560	4
563	PXD001420	426	3	423	3	176	0.00704225352112675	0.586854460093897	561	4
566	PXD001423	312	2	310	2	99	0.00641025641025639	0.682692307692308	562	4
542	PXD001324	318	1	317	1	94	0.00314465408805031	0.704402515723271	563	4
560	PXD001417	363	1	362	1	72	0.00275482093663915	0.801652892561983	564	4
408	PXD000402	4008	7	4001	0	13	0.00174650698602796	0.996756487025948	565	4
541	PXD001323	12462	12	12450	0	726	0.000962927298988947	0.94174289841117	566	4
546	PXD001328	12415	5	12410	0	839	0.000402738622633958	0.93242045912203	567	4
540	PXD001311	9889	3	9886	0	636	0.000303367377894603	0.935686115886338	568	4
76	PRD000220	2	0	2	0	0	0	1	569	4
187	PRD000466	282	0	282	0	101	0	0.641843971631206	570	4
200	PRD000479	23	0	23	0	23	0	0	571	4
201	PRD000480	5	0	5	0	5	0	0	572	4
237	PRD000523	21	0	21	0	12	0	0.428571428571429	573	4
523	PXD001090	1258	0	1258	0	736	0	0.414944356120827	574	4
543	PXD001325	300	0	300	0	104	0	0.653333333333333	575	4
544	PXD001326	471	0	471	0	180	0	0.617834394904459	576	4
545	PXD001327	384	0	384	0	12	0	0.96875	577	4
558	PXD001415	741	0	741	0	46	0	0.937921727395412	578	4
559	PXD001416	1750	0	1750	0	121	0	0.930857142857143	579	4
561	PXD001418	491	0	491	0	19	0	0.961303462321792	580	4
562	PXD001419	1711	0	1711	0	124	0	0.927527761542957	581	4
564	PXD001421	1432	0	1432	0	56	0	0.960893854748603	582	4
565	PXD001422	2529	0	2529	0	141	0	0.944246737841044	583	4